file,frames,rows,cols,mp_per_frame,src_ts,decoder,decode_med_ms,decode_p95_ms,decode_mpps,decode_sha1,dst_ts,transcode_med_ms,transcode_p95_ms,transcode_mpps,out_kb,enc_sha1,psnr_db,ssim,encoder,encode_med_ms,encode_p95_ms,encode_mpps
color/1.2.40.0.13.1.1.120850205437059738156326987522667904907,1,434,532,0.231,1.2.840.10008.1.2.4.50,JPEG (libjpeg),5.288,8.361,43.664,d507fcac9bc12d44818e9b3e459925b5d5a161db8f220e95aa54ddef64df702e,1.2.840.10008.1.2.4.50,7.045,7.135,32.772,55.543,7fc362ae6b864683a3af1a73760aad621e3dd3b7287caa76be95bd5baaef43d3,63.771,1.000,JPEG (libjpeg),5.003,5.058,46.149
color/1.2.40.0.13.1.1.143655214259059498898549911291445775539,195,434,532,0.231,1.2.840.10008.1.2.4.50,JPEG (libjpeg),948.477,1029.730,47.469,abf0746eeec366ff9d99a47010dedb031558104b709bf2307787b7f38b02c32f,1.2.840.10008.1.2.4.50,1418.028,1644.998,31.751,10972.178,229f3f342244a7f0442e4fbf0a92c31b2789d023b8b17affcde7b286a9591a1a,62.097,1.000,JPEG (libjpeg),1089.046,1116.774,41.342
color/1.2.40.0.13.1.1.155769172416208169785060571711755915755,10,430,600,0.258,1.2.840.10008.1.2.5,RLE,55.925,58.857,46.133,eb5b04bd4f96592608d93edf366b1a5be0e96ed982ebd5d65b9eb834e2ff3666,,,,,,,,,,,,
color/1.2.40.0.13.1.1.286145458149728631212017302675002118581,8,120,128,0.015,1.2.840.10008.1.2.1,Raw (Explicit LE),1.068,1.120,115.101,4b5b85e9485407337547e4ad2488a449438f7671865b4cb316c9b2dc85a0bc24,,,,,,,,,Raw (Explicit LE),0.627,0.628,196.137
color/1.2.40.0.13.1.1.75699434012420281431899874274436428076,1,480,640,0.307,1.2.840.10008.1.2.1,Raw (Explicit LE),4.908,5.265,62.587,4f31564042a349abd8e556b92b7121d25cc3c63fd0ac36a109b33922a38261d7,,,,,,,,,Raw (Explicit LE),4.529,4.588,67.833
color/1.2.840.113619.2.98.3467.1098086125.0.77,1,434,636,0.276,1.2.840.10008.1.2.4.50,JPEG (libjpeg),8.115,8.919,34.016,a4c33c9273a45c0accaf24eca932d782f13c988cff882445ac6b03d3fa22db02,1.2.840.10008.1.2.4.50,25.568,25.863,10.796,1556.922,20765799a1e6278c21d874a9ea12efaa3176cb88b3d5d156930e1380bd86b8d0,55.289,0.999,JPEG (libjpeg),21.527,23.910,12.822
compression1/1.2.276.0.7230010.3.1.4.1787205428.2352.1071048147.1,1,1024,256,0.262,1.2.840.10008.1.2.5,RLE,3.507,4.022,74.753,f6412f11da554e54823bc5d15c978ba319d7c6574adf4e08aa684ed5723cde7e,,,,,,,,,,,,
compression1/1.2.40.0.13.1.1.101772441098939018653955844116690048148,1,1024,1024,1.049,1.2.840.10008.1.2.4.51,JPEG12 (libjpeg),16.578,17.807,63.250,506058554eabaeb4901581d2329cf389cca4c6e05bc17aaaec38fae75d240f97,1.2.840.10008.1.2.4.51,22.879,24.313,45.831,336.865,4265c88c5adcc4127a38ff5ed32fcf6d5ec54eb62a89d6b06ca1db9eb1774227,84.873,1.000,JPEG12 (libjpeg),17.550,17.697,59.747
compression1/1.2.40.0.13.1.1.112399228334232726013863562163236990795,1,1024,256,0.262,1.2.840.10008.1.2.4.70,JPEG-LL (libjpeg),5.470,5.640,47.922,f6412f11da554e54823bc5d15c978ba319d7c6574adf4e08aa684ed5723cde7e,1.2.840.10008.1.2.4.70,6.893,6.950,38.033,116.289,7c861546b4be2c438a81a5c499e359d4a6f423ba7a3337f0746e620dcb508dff,inf,1.000,JPEG-LL (libjpeg),4.180,4.305,62.712
compression1/1.2.40.0.13.1.1.119177628065274003319178517732978863123,1,486,756,0.367,1.2.840.10008.1.2.5,RLE,7.880,8.415,46.627,08329b627fa66c927d8d2a80bbb8e7a880fa60fc8dd185276033e630fdb140af,,,,,,,,,,,,
compression1/1.2.40.0.13.1.1.121648096267897646366118788503786401297,1,512,512,0.262,1.2.840.10008.1.2.4.90,J2K (OpenJPEG),11.823,12.038,22.172,7b9b068f2124646351be4bcabd7122b0ab3057e9d3a6160678c9c0cd51a1d496,1.2.840.10008.1.2.4.90,18.575,19.013,14.113,176.758,47d5b6b42f438041f87465f77a94295f57bf236da25edcd33f1d01c9369b7197,inf,1.000,J2K (OpenJPEG),9.973,11.247,26.285
compression1/1.2.40.0.13.1.1.123527530109847575387876144807041856609,1,1868,2226,4.158,1.2.840.10008.1.2.5,RLE,71.901,75.090,57.832,520455fe9f65e3243edf2e491ea2d9757b1a35b3b048e13f91bd3bfd72a691d4,,,,,,,,,,,,
compression1/1.2.40.0.13.1.1.12425643686588943289548055104254623086,1,1024,256,0.262,1.2.840.10008.1.2.4.51,JPEG12 (libjpeg),4.656,5.099,56.297,13e66aaf2b55f4afe15cfa8b19adc6a12d23e3e1a4e334e69f6d96660e2acf25,1.2.840.10008.1.2.4.51,3.067,3.145,85.484,24.764,8b29f964bda7bcbc3be49bf2564d469150c571f90545e794514a57c3592da8ed,89.646,1.000,JPEG12 (libjpeg),2.280,2.325,114.984
compression1/1.2.40.0.13.1.1.128962738278359589022945837666750124997,1,2140,1760,3.766,1.2.840.10008.1.2.4.51,JPEG12 (libjpeg),59.056,91.886,63.777,cf0631322ab7687524e3ce50ab0d08c7896650f8b9006984cafb29447e782c6e,1.2.840.10008.1.2.4.51,50.576,51.722,74.471,596.736,eaf49072e47d97bfdb000bd0bdef0082ead0dcd99c489181db2d96cbd9d74a54,74.621,1.000,JPEG12 (libjpeg),43.034,47.439,87.522
compression1/1.2.40.0.13.1.1.135292758582707953540740072892454789712,1,1024,1024,1.049,1.2.840.10008.1.2.5,RLE,12.670,12.976,82.763,9581741fcb48dd843e60704c476136610790830a072a1997b13566de56e8c52e,,,,,,,,,,,,
compression1/1.2.40.0.13.1.1.136753961308387839079969956438371041433,1,512,512,0.262,1.2.840.10008.1.2.5,RLE,3.487,3.528,75.180,06edc1f36be7a6fbf5bb4e6f86a052404d323fdacac5fa58d01031a9c80c55d1,,,,,,,,,,,,
compression1/1.2.40.0.13.1.1.140405312174888458840966101062906794292,1,480,640,0.307,1.2.840.10008.1.2.5,RLE,5.097,5.184,60.272,0e2babb9d0c22fde6b6c272eec37fdb8c0730da2094286ba3ec01e45cb516a32,,,,,,,,,,,,
compression1/1.2.40.0.13.1.1.142273939249694194618967782852354443825,1,1955,1841,3.599,1.2.840.10008.1.2.5,RLE,52.046,53.715,69.153,b52ef121a4326381a4ca7ba7f7b19f5990439058075e380dc3039c86e0d05c3e,,,,,,,,,,,,
compression1/1.2.40.0.13.1.1.160854273913689623244848555214981495660,1,512,512,0.262,1.2.840.10008.1.2.4.91,J2K (OpenJPEG),4.942,5.390,53.047,5ef9c4229ad4cc40b6adc3d09dab68fc9858933c3d2af6ec2a55f3252f15a90d,1.2.840.10008.1.2.4.91,8.078,8.458,32.452,20.673,b506c3cafda4737a1017d1824e320ac42f90bf79306695c00c75e4c98e1a3b66,110.809,1.000,J2K (OpenJPEG),5.830,5.871,44.964
compression1/1.2.40.0.13.1.1.167578842087735637843929364087123641184,1,486,756,0.367,1.2.840.10008.1.2.5,RLE,6.775,6.845,54.235,f08e96492c4ef87fb1478c5799a85bcbe7f5a45553effc3824b5feb406b1b49d,,,,,,,,,,,,
compression1/1.2.40.0.13.1.1.189187079567615122417865727043769260789,1,1760,1760,3.098,1.2.840.10008.1.2.4.51,JPEG12 (libjpeg),36.818,37.065,84.132,f9635bd6627fff17ad7ee04c04c9e4ab3b35bec4d6d005684a2093b7eb6cda59,1.2.840.10008.1.2.4.51,26.462,26.630,117.059,275.357,7a6dd4369b9ffc9aed65148940ddba7aff39d34e8b6be29dea7554e3f189c9da,77.909,1.000,JPEG12 (libjpeg),22.831,28.895,135.677
compression1/1.2.40.0.13.1.1.197811443804553419330949377530158290556,1,512,512,0.262,1.2.840.10008.1.2.4.51,JPEG12 (libjpeg),3.576,3.681,73.306,17e3e7e5c2e75c988d5f03824356c967b81038d495cb83396e4af7d3d483389c,1.2.840.10008.1.2.4.51,4.612,4.812,56.845,85.561,af522d66b72a6c02c574770adf9f0f03235d3fbe089b480219bcacbc960c8842,86.977,1.000,JPEG12 (libjpeg),3.548,3.606,73.881
compression1/1.2.40.0.13.1.1.215961456853976178712582381392520897729,1,1024,1024,1.049,1.2.840.10008.1.2.4.70,JPEG-LL (libjpeg),19.942,19.985,52.581,9581741fcb48dd843e60704c476136610790830a072a1997b13566de56e8c52e,1.2.840.10008.1.2.4.70,29.274,29.782,35.820,484.074,8fc0ba502ddea408ad7fb86382060d3f3ec72be547b21ca0c1b3df2f57913f7c,inf,1.000,JPEG-LL (libjpeg),18.822,18.982,55.710
compression1/1.2.40.0.13.1.1.216920252739982447001983308838812918553,1,2487,2048,5.093,1.2.840.10008.1.2.4.51,JPEG12 (libjpeg),69.743,70.111,73.031,94e23da7d4ee3edd3ee41b4eeeff8c9f92678aff3319011ab2b00489313a0d6a,1.2.840.10008.1.2.4.51,83.653,85.596,60.887,1510.975,2f2cf92bf0554e797c761e1f4c336db2ce0da91e3f9cb5c24a77e22d2b553c28,87.121,1.000,JPEG12 (libjpeg),67.978,68.129,74.927
compression1/1.2.40.0.13.1.1.241124067680382211877784575078166520743,1,512,512,0.262,1.2.840.10008.1.2.4.51,JPEG12 (libjpeg),4.202,4.226,62.380,85588abcbe639d86a21ad3fbd8ba721d9efc2c90da0b284ba39c15df6929245b,1.2.840.10008.1.2.4.51,7.452,7.519,35.176,148.852,7431b740108bc990b2a82045de08e929fb25645947cad31e9ec72aa4647f7fc1,84.184,1.000,JPEG12 (libjpeg),5.797,5.813,45.220
compression1/1.2.40.0.13.1.1.246593617456893699618958966750312724538,1,512,512,0.262,1.2.840.10008.1.2.4.70,JPEG-LL (libjpeg),5.254,5.351,49.894,aabbb2bc362e5ca3fb0ecec92b601fe80107e6a867f1a824942d00bfc4cecac1,1.2.840.10008.1.2.4.70,7.476,7.525,35.064,162.344,98485bb63b3f3f9efb1e685ea1143062eac80d06201a0a93d93b01845352f56c,inf,1.000,JPEG-LL (libjpeg),4.802,5.121,54.589
compression1/1.2.40.0.13.1.1.250248624067381846955775170588225540072,1,1024,1024,1.049,1.2.840.10008.1.2.4.51,JPEG12 (libjpeg),12.805,13.519,81.886,a18ee1bf0f7c8e9f4fcaf8cbdfe5b2c7c7ea3bb44af2e3f31be6fd3656ef6a42,1.2.840.10008.1.2.4.51,13.765,13.988,76.179,159.242,1a189243e4c5f18d77e986a67e0c38387b914db52800beb3fbaac6e4edf322a1,74.858,1.000,JPEG12 (libjpeg),10.795,10.883,97.137
compression1/1.2.40.0.13.1.1.253415382785026582465009011830766603450,1,1955,1841,3.599,1.2.840.10008.1.2.4.70,JPEG-LL (libjpeg),87.615,89.269,41.079,b52ef121a4326381a4ca7ba7f7b19f5990439058075e380dc3039c86e0d05c3e,1.2.840.10008.1.2.4.70,141.331,141.535,25.466,4340.848,e2aa58af8b7db74991ef8a13185b5b3394d3346d4e99de31c09c86b50c3e93db,inf,1.000,JPEG-LL (libjpeg),90.556,90.965,39.745
compression1/1.2.40.0.13.1.1.27163629025892916597989556673301689227,1,512,512,0.262,1.2.840.10008.1.2.4.70,JPEG-LL (libjpeg),5.105,5.143,51.348,ee914181b2bff9ce82237487a8a4da63910125b40bb68214bd74b0e24f762ef4,1.2.840.10008.1.2.4.70,6.191,6.363,42.342,169.133,246243e44088e578c1f7b4ecdb6d7b09060a9e6da64d9b91d199da1c47befbb9,inf,1.000,JPEG-LL (libjpeg),3.728,3.819,70.316
compression1/1.2.40.0.13.1.1.282900798377102591506834774085044141664,1,486,756,0.367,1.2.840.10008.1.2.5,RLE,6.628,6.659,55.433,ad4de65e1af4298b17d03d0d01477a589cc5add05724c68dc762fdd2189a7104,,,,,,,,,,,,
compression1/1.2.40.0.13.1.1.290097549608975036866922672766379697481,1,512,512,0.262,1.2.840.10008.1.2.4.70,JPEG-LL (libjpeg),5.236,5.278,50.070,06edc1f36be7a6fbf5bb4e6f86a052404d323fdacac5fa58d01031a9c80c55d1,1.2.840.10008.1.2.4.70,7.396,7.462,35.443,151.846,8bc955e728679bd15347f7e66ae5977dc7b69d13d364c3a249bdfa7652433943,inf,1.000,JPEG-LL (libjpeg),4.771,4.898,54.944
compression1/1.2.40.0.13.1.1.297226919482153625569193570963848217898,1,1024,1024,1.049,1.2.840.10008.1.2.5,RLE,12.172,12.275,86.147,44548071395f240b7d58debf0cbca9d71d785df3f74fc4c3f6ae2d7d210dcf5f,,,,,,,,,,,,
compression1/1.2.40.0.13.1.1.312591515639395246788021530702174909668,1,512,512,0.262,1.2.840.10008.1.2.5,RLE,3.329,3.381,78.746,ee914181b2bff9ce82237487a8a4da63910125b40bb68214bd74b0e24f762ef4,,,,,,,,,,,,
compression1/1.2.40.0.13.1.1.316427068615265559049024909747611410528,1,512,512,0.262,1.2.840.10008.1.2.5,RLE,3.186,3.243,82.279,aabbb2bc362e5ca3fb0ecec92b601fe80107e6a867f1a824942d00bfc4cecac1,,,,,,,,,,,,
compression1/1.2.40.0.13.1.1.332537070574318607576857455251777067268,1,2140,1760,3.766,1.2.840.10008.1.2.5,RLE,43.760,43.965,86.069,1de66dcb4e17ff54c081e49fca6314ea6d0f5588ebeb11894238134465b312c3,,,,,,,,,,,,
compression1/1.2.40.0.13.1.1.35364642643562885152995385393946402803,1,486,756,0.367,1.2.840.10008.1.2.5,RLE,6.522,6.644,56.335,41aedbbdd743b54f192081b7fc4b24ed50046b04444186362fd9e91b444beeb9,,,,,,,,,,,,
compression1/1.2.40.0.13.1.1.43304829682947754294073383835509234857,1,1760,1760,3.098,1.2.840.10008.1.2.4.70,JPEG-LL (libjpeg),56.009,59.574,55.305,e633f75333d5a523e5d44c332759b1c5a20bf3fea022d90a8b15b222019c7afb,1.2.840.10008.1.2.4.70,68.740,69.709,45.063,1365.973,48450f67a629a5fa44816e3e0f133f2eec903a13425e1e9b30f2760440900b77,inf,1.000,JPEG-LL (libjpeg),46.895,47.562,66.054
compression1/1.2.40.0.13.1.1.53650666560834421876574681572253576148,1,512,512,0.262,1.2.840.10008.1.2.4.51,JPEG12 (libjpeg),3.845,3.942,68.176,6b9ed508bf0c3e801616ad5626f3021105846e9019d98703540abfc166cc2577,1.2.840.10008.1.2.4.51,4.544,4.619,57.688,47.152,9c7da3a060dac14bec858392f15d3a33e3138b3291d7d96bbcac136cf9b22599,86.361,1.000,JPEG12 (libjpeg),3.234,3.292,81.062
compression1/1.2.40.0.13.1.1.54577245542263220634190393749890616766,1,512,512,0.262,1.2.840.10008.1.2.4.70,JPEG-LL (libjpeg),5.965,6.021,43.944,7b9b068f2124646351be4bcabd7122b0ab3057e9d3a6160678c9c0cd51a1d496,1.2.840.10008.1.2.4.70,8.886,9.075,29.502,205.684,2d5c73fd5f51660ea8336fd1632fa6bd291092c1732b443786451182aeac5113,inf,1.000,JPEG-LL (libjpeg),5.678,5.771,46.170
compression1/1.2.40.0.13.1.1.61692986002337942339510828342722055448,1,512,512,0.262,1.2.840.10008.1.2.5,RLE,3.403,3.438,77.026,7b9b068f2124646351be4bcabd7122b0ab3057e9d3a6160678c9c0cd51a1d496,,,,,,,,,,,,
compression1/1.2.40.0.13.1.1.73118399926486422867233934584957135155,1,512,512,0.262,1.2.840.10008.1.2.5,RLE,3.576,3.725,73.309,1f1a33e140e46641b63e11d3df575870b3aaf8169e1abefe6b4337de557f0905,,,,,,,,,,,,
compression1/1.2.40.0.13.1.1.76963071789194162861745102963240378451,1,2140,1760,3.766,1.2.840.10008.1.2.4.70,JPEG-LL (libjpeg),74.272,74.589,50.711,1de66dcb4e17ff54c081e49fca6314ea6d0f5588ebeb11894238134465b312c3,1.2.840.10008.1.2.4.70,101.749,103.413,37.016,2111.674,6fc2884392ccd5498d60376b01fe4782a3febb707c8885242e1cd9251e602458,inf,1.000,JPEG-LL (libjpeg),62.944,63.273,59.837
compression1/1.2.40.0.13.1.1.77593066791483460094583882853894279390,1,2487,2048,5.093,1.2.840.10008.1.2.5,RLE,61.108,62.234,83.351,3284c1367eb6b7f6d999df8ba6a693b57ea5942207b4e2da15ab9297dc2c8f52,,,,,,,,,,,,
compression1/1.2.40.0.13.1.1.85760909252711247961019977247282016453,1,512,512,0.262,1.2.840.10008.1.2.4.70,JPEG-LL (libjpeg),6.198,6.327,42.294,1f1a33e140e46641b63e11d3df575870b3aaf8169e1abefe6b4337de557f0905,1.2.840.10008.1.2.4.70,9.791,9.871,26.773,256.086,b0a509321c97cb15554c3c150898a5dec73ad4f4a96731034b5ef872b1da99f3,inf,1.000,JPEG-LL (libjpeg),6.282,6.369,41.729
compression1/1.2.40.0.13.1.1.93958990802219547242725763322809091163,1,1024,1024,1.049,1.2.840.10008.1.2.4.70,JPEG-LL (libjpeg),21.840,22.589,48.012,44548071395f240b7d58debf0cbca9d71d785df3f74fc4c3f6ae2d7d210dcf5f,1.2.840.10008.1.2.4.70,31.541,31.569,33.245,761.443,91bd0a1cfb1be0aed1b128a8d25ce34c0c978349ce2fd19b51944ec459715a95,inf,1.000,JPEG-LL (libjpeg),20.629,20.939,50.830
compression1/1.2.40.0.13.1.1.97138469001588511649872891178171992413,1,1760,1760,3.098,1.2.840.10008.1.2.5,RLE,35.767,35.922,86.606,e633f75333d5a523e5d44c332759b1c5a20bf3fea022d90a8b15b222019c7afb,,,,,,,,,,,,
compression2/1.2.276.0.7230010.3.1.4.1787205428.2361.1071048149.1.1,1,1868,2226,4.158,1.2.840.10008.1.2.4.90,J2K (OpenJPEG),266.197,284.153,15.621,520455fe9f65e3243edf2e491ea2d9757b1a35b3b048e13f91bd3bfd72a691d4,1.2.840.10008.1.2.4.90,463.177,574.396,8.977,4241.157,96d49bcc9fa6f1feb413e242fc4c06973013de38f1f7bae1fe8609c2255da486,inf,1.000,J2K (OpenJPEG),244.229,247.971,17.026
compression2/1.2.276.0.7230010.3.1.4.1787205428.2361.1071048149.1.2,1,1868,2226,4.158,1.2.840.10008.1.2.4.70,JPEG-LL (libjpeg),173.656,174.318,23.945,520455fe9f65e3243edf2e491ea2d9757b1a35b3b048e13f91bd3bfd72a691d4,1.2.840.10008.1.2.4.70,282.683,283.672,14.710,5644.809,75a6a882d1ed94c4b74b42a091d1c5186b2ee965abe16ab088af91bb1488ed88,inf,1.000,JPEG-LL (libjpeg),167.510,169.369,24.823
compression2/1.2.276.0.7230010.3.1.4.1787205428.2361.1071048149.1.3,1,1868,2226,4.158,1.2.840.10008.1.2.4.80,JPEG-LS (CharLS),195.365,199.237,21.284,520455fe9f65e3243edf2e491ea2d9757b1a35b3b048e13f91bd3bfd72a691d4,1.2.840.10008.1.2.4.80,292.169,296.009,14.232,4539.850,01036de5d0bb7c5ae420debebee21ca9bffc903ffc4476c0550e1e3bcfe131df,inf,1.000,JPEG-LS (CharLS),148.698,149.371,27.964
compression2/1.2.276.0.7230010.3.1.4.1787205428.2361.1071048149.1.4,1,1868,2226,4.158,1.2.840.10008.1.2.5,RLE,73.680,74.422,56.436,520455fe9f65e3243edf2e491ea2d9757b1a35b3b048e13f91bd3bfd72a691d4,,,,,,,,,,,,
compression3/1.2.826.0.1.3680043.2.1143.2615233261306178997410318463898374983.6,19,256,256,0.066,1.2.840.10008.1.2.4.81,JPEG-LS (CharLS),35.822,37.076,34.760,f2810e148420a6c7a652fd2b6fd260fbd2bb3d80cdefeecacbaf85c47aa94a7a,1.2.840.10008.1.2.4.81,49.919,50.458,24.944,505.162,f345b8685e948c52baaf21c64732dc18f954ebbe53e4c778b5ab1f7543aa5df8,39.741,0.999,JPEG-LS (CharLS),26.550,26.712,46.900
compression3/1.2.826.0.1.3680043.2.1143.7567016219912961108887122553257011601.11,19,256,256,0.066,1.2.840.10008.1.2.4.91,J2K (OpenJPEG),28.237,31.399,44.098,317ae2d287b5b3539a33fd2152c248be63664bcd9a9029c0edb820fb17edb2cf,1.2.840.10008.1.2.4.91,58.967,59.366,21.117,191.462,d6bbef7e9eb4e25f983676cbbd3ebe365a31ff48e602afcfebc520a416d395b8,59.492,0.999,J2K (OpenJPEG),43.062,43.206,28.916
compression3/1.3.6.1.4.1.5962.1.1.5000.3.1.1166546115.14677,19,256,256,0.066,1.2.840.10008.1.2.1,Raw (Explicit LE),13.198,13.235,94.345,22ffc35d7d233e42b6c0c9a6c7daf913fb97de00b3cd3216fa9b617de185b299,,,,,,,,,Raw (Explicit LE),11.552,11.856,107.793
compression3/1.3.6.1.4.1.5962.1.1.5000.3.1.1166546115.14677.1,19,256,256,0.066,1.2.840.10008.1.2.5,RLE,15.867,15.972,78.477,22ffc35d7d233e42b6c0c9a6c7daf913fb97de00b3cd3216fa9b617de185b299,,,,,,,,,,,,
compression3/1.3.6.1.4.1.5962.1.1.5000.3.1.1166546115.14677.10,19,256,256,0.066,1.2.840.10008.1.2.4.70,JPEG-LL (libjpeg),32.340,33.028,38.503,22ffc35d7d233e42b6c0c9a6c7daf913fb97de00b3cd3216fa9b617de185b299,1.2.840.10008.1.2.4.70,49.803,50.172,25.002,1050.779,0e3d0385f0dba937dce21a149ae27523b347b5914e26282ae8250b0472bbcb63,inf,1.000,JPEG-LL (libjpeg),27.608,27.863,45.102
compression3/1.3.6.1.4.1.5962.1.1.5000.3.1.1166546115.14677.12,19,256,256,0.066,1.2.840.10008.1.2.4.90,J2K (OpenJPEG),56.181,56.319,22.164,22ffc35d7d233e42b6c0c9a6c7daf913fb97de00b3cd3216fa9b617de185b299,1.2.840.10008.1.2.4.90,95.609,96.102,13.024,818.802,bad702308f4fcac00911f65d01845ef5b5a3f4b81103ce6f0244ed80347a09f2,inf,1.000,J2K (OpenJPEG),52.416,56.011,23.756
compression3/1.3.6.1.4.1.5962.1.1.5000.3.1.1166546115.14677.3,19,256,256,0.066,1.2.840.10008.1.2.4.80,JPEG-LS (CharLS),43.639,46.618,28.534,22ffc35d7d233e42b6c0c9a6c7daf913fb97de00b3cd3216fa9b617de185b299,1.2.840.10008.1.2.4.80,52.566,61.308,23.688,821.411,28f1c0820201d9c84c55b3ed9cc058934b8c258b30731b2fed813d663fcd8d15,inf,1.000,JPEG-LS (CharLS),22.555,23.341,55.206
compression3/1.3.6.1.4.1.5962.1.1.5000.3.1.1166546115.14677.4,19,256,256,0.066,1.2.840.10008.1.2.4.80,JPEG-LS (CharLS),41.427,41.849,30.057,22ffc35d7d233e42b6c0c9a6c7daf913fb97de00b3cd3216fa9b617de185b299,1.2.840.10008.1.2.4.80,52.669,53.571,23.642,821.433,807435f6529e7c7d5284fd5a433b76575e05a7bd500e35588e0369cac82a4c76,inf,1.000,JPEG-LS (CharLS),21.093,21.171,59.032
compression3/1.3.6.1.4.1.5962.1.1.5000.3.1.1166546115.14677.7,19,256,256,0.066,1.2.840.10008.1.2.4.80,JPEG-LS (CharLS),35.095,35.178,35.480,22ffc35d7d233e42b6c0c9a6c7daf913fb97de00b3cd3216fa9b617de185b299,1.2.840.10008.1.2.4.80,44.727,45.116,27.840,821.401,3858835afdc9def0ca0548893d7e3bce3bfd2fd37e7f223302f2be0e8143534b,inf,1.000,JPEG-LS (CharLS),22.146,22.444,56.226
compression3/1.3.6.1.4.1.5962.1.1.5000.3.1.1166546115.14677.8,19,256,256,0.066,1.2.840.10008.1.2.4.70,JPEG-LL (libjpeg),27.886,27.984,44.652,22ffc35d7d233e42b6c0c9a6c7daf913fb97de00b3cd3216fa9b617de185b299,1.2.840.10008.1.2.4.70,44.977,45.171,27.685,1050.561,4130ea316ba1e1daaf0ca820cf1f32167de94eff2156110b647a392eb78a48fb,inf,1.000,JPEG-LL (libjpeg),27.395,27.483,45.453
compression3/1.3.6.1.4.1.5962.1.1.5000.3.1.1166546115.14677.9,19,256,256,0.066,1.2.840.10008.1.2.4.70,JPEG-LL (libjpeg),33.484,33.690,37.187,22ffc35d7d233e42b6c0c9a6c7daf913fb97de00b3cd3216fa9b617de185b299,1.2.840.10008.1.2.4.70,47.173,47.335,26.396,1050.754,9fa84c9893c7fa478a3818feeb7fad50a21aa6e1fc64cf054f7f99b851c5c2fe,inf,1.000,JPEG-LL (libjpeg),26.088,26.124,47.729
